patient_id	PC1	PC2	cluster
TCGA-3Z-A93Z	13.642507119580404	-2.3759169521423193	1
TCGA-6D-AA2E	10.726217399336104	2.0466739252222363	1
TCGA-A3-3306	-2.4221174742774094	3.9264247742874	2
TCGA-A3-3308	-2.5210621139848715	-0.6427781504756772	2
TCGA-A3-3311	-2.0951140270559003	0.07760365227321608	2
TCGA-A3-3313	4.07988098622166	5.668523560440686	1
TCGA-A3-3316	-2.756103135938309	-2.9869121582673395	2
TCGA-A3-3317	-3.8424375641524007	1.2778102600939287	2
TCGA-A3-3319	-5.4953178973477135	5.991749525862114	2
TCGA-A3-3320	-0.40673540075227577	-2.4828393430543456	2
TCGA-A3-3322	2.1984548194731506	-3.3589856955731157	2
TCGA-A3-3323	-0.6763137240472015	-1.0416574359547102	2
TCGA-A3-3324	3.066786449302785	-3.112966537822792	2
TCGA-A3-3326	-0.3632276153433242	1.754525369552935	2
TCGA-A3-3329	-3.1515908128651433	-2.6612215813189803	2
TCGA-A3-3331	-0.7567033652755862	-2.7660147982477787	2
TCGA-A3-3335	-1.5201670335952144	6.3930572285738725	2
TCGA-A3-3346	6.964587442122791	4.414068764881505	1
TCGA-A3-3347	-4.7182397838832975	2.790360051963804	2
TCGA-A3-3349	-0.170575825104002	-4.148999499495102	2
TCGA-A3-3351	-5.753347352501913	0.36309953813525614	2
TCGA-A3-3352	-3.624345726862865	1.5833611649315753	2
TCGA-A3-3357	4.429671752956694	0.631856690653854	1
TCGA-A3-3362	3.911059843218451	-3.063268247021124	2
TCGA-A3-3363	4.0025580381524	10.240101158962053	1
TCGA-A3-3365	-0.6216042018697633	-6.799819959630622	2
TCGA-A3-3367	-4.276084945259657	-0.13849700898636047	2
TCGA-A3-3370	-0.6998527984805506	-5.1420603390183635	2
TCGA-A3-3372	-2.8293236008802825	-1.7526071429943217	2
TCGA-A3-3373	5.258014815770858	-5.16504148783292	1
TCGA-A3-3374	11.132012827809527	4.712234085053111	1
TCGA-A3-3376	4.550357881161158	-5.362014491812784	2
TCGA-A3-3378	7.7492005323436715	7.17177698611775	1
TCGA-A3-3380	-0.24210922163897683	-3.9670601924124873	2
TCGA-A3-3382	3.4978346403237266	-2.299517440407667	2
TCGA-A3-3383	-3.2033085327720396	0.8422153197888826	2
TCGA-A3-3385	-2.7667254365226053	3.345977986125828	2
TCGA-A3-3387	-3.485412842338623	-1.8080616252070827	2
TCGA-AK-3427	12.370597318893013	2.577904575881048	1
TCGA-AK-3428	12.65904220809819	5.675492961520917	1
TCGA-AK-3434	-1.6969461398497796	2.6863158802199547	2
TCGA-AK-3436	5.308005522328278	5.148265741520944	1
TCGA-AK-3444	-0.5187880322602142	-0.39367555514241626	2
TCGA-AK-3451	1.26072035604813	-1.0866505306063474	2
TCGA-AK-3456	8.529175183743241	4.193734660453658	1
TCGA-B0-4688	6.04886027572098	12.776302050664524	1
TCGA-B0-4690	0.9853996481214948	6.09318345041273	2
TCGA-B0-4691	-2.4090595965001307	1.178860674098495	2
TCGA-B0-4693	-1.7684913597903267	0.44815217195803125	2
TCGA-B0-4694	0.9787790140342343	5.415748863097081	2
TCGA-B0-4696	3.8755355655989794	10.119085609158809	1
TCGA-B0-4697	5.186156058648345	0.9294949848282552	1
TCGA-B0-4698	3.1704276583476214	8.63691397551741	1
TCGA-B0-4699	9.338750743002254	7.391881966160969	1
TCGA-B0-4700	-1.3562851622258423	0.38824514484292616	2
TCGA-B0-4701	-1.0221473257802147	-2.1319586817367298	2
TCGA-B0-4703	-2.053312808574927	-0.029875312318414615	2
TCGA-B0-4706	0.15303184225693883	1.9902043072896929	2
TCGA-B0-4707	0.4269781428534111	7.069106202186726	2
TCGA-B0-4710	0.5562579668559228	-0.8193804601380184	2
TCGA-B0-4712	-1.8676876167666037	0.23322488245697265	2
TCGA-B0-4713	4.070008958605217	9.884359329043528	1
TCGA-B0-4714	3.6084973805118215	0.7374313214795245	1
TCGA-B0-4718	0.8345717849802424	2.575946212858295	2
TCGA-B0-4810	-0.05658238851870676	2.5583497928280927	2
TCGA-B0-4811	-2.0024433578309364	4.117626349516294	2
TCGA-B0-4813	2.55997449022281	2.4994323516653196	2
TCGA-B0-4814	0.20667772340760232	4.294629317458614	2
TCGA-B0-4815	1.2119846132906562	1.1571934592809994	2
TCGA-B0-4816	-1.7872561899179842	1.3500412243340436	2
TCGA-B0-4817	16.74983077258531	1.4423644754492322	1
TCGA-B0-4818	-0.40653739004290407	2.3216261507465017	2
TCGA-B0-4819	0.9785337357432857	1.4521604281397804	2
TCGA-B0-4821	4.045077389469599	2.855461466104699	1
TCGA-B0-4822	-2.582384826204117	1.5277914862136612	2
TCGA-B0-4823	0.5463747519397487	-6.0156839677244385	2
TCGA-B0-4824	-1.5032226981585386	0.6265514516766119	2
TCGA-B0-4827	-1.8739488218775613	4.507878121362584	2
TCGA-B0-4828	-1.4038657274320598	4.348619234942575	2
TCGA-B0-4833	2.18864478200425	0.05496501902423239	2
TCGA-B0-4834	10.100859004408797	1.1528247105388696	1
TCGA-B0-4836	-0.3420085931426821	-0.9494572144585176	2
TCGA-B0-4837	2.508970313614572	-0.8960960225911909	2
TCGA-B0-4838	-4.242534606449376	0.8269492497485125	2
TCGA-B0-4839	1.0853948131868008	-0.6583419072395617	2
TCGA-B0-4841	-0.1933025704783211	-0.4416613198755943	2
TCGA-B0-4842	3.1293346204382164	10.026385140498396	1
TCGA-B0-4843	-0.754336927458542	-0.8618670871995401	2
TCGA-B0-4844	-1.3297700593657948	0.33146684781880215	2
TCGA-B0-4845	-3.6226675036600353	3.022196452751826	2
TCGA-B0-4846	-4.679707399628823	0.13244065293847684	2
TCGA-B0-4847	-7.341813043236998	3.304763092811712	2
TCGA-B0-4848	-2.0564901296563756	2.8408807726802574	2
TCGA-B0-4849	-3.337831876824862	-1.9779179458049294	2
TCGA-B0-4852	-3.164309498124765	-0.5704427864755653	2
TCGA-B0-4945	0.3922898630183556	-1.3008943324989235	2
TCGA-B0-5075	-4.289889267979576	4.278339999425597	2
TCGA-B0-5077	-1.2521257428012393	0.7016329533424291	2
TCGA-B0-5080	1.9875994989760875	-4.971938252643327	2
TCGA-B0-5081	-4.872586821885826	0.5580833977508188	2
TCGA-B0-5084	9.412105799103676	10.868371151327949	1
TCGA-B0-5085	0.7178487236104035	2.2055581573525997	2
TCGA-B0-5088	-1.7464711126793675	-4.725772853121314	2
TCGA-B0-5092	-4.772376292771255	4.843880696098847	2
TCGA-B0-5094	-1.3877982708584138	5.186060304499648	2
TCGA-B0-5095	2.009005956815661	-1.7335914540324318	2
TCGA-B0-5096	14.815125464843565	-3.3046080880100877	1
TCGA-B0-5097	7.864413725545476	-7.280961119034535	1
TCGA-B0-5098	9.158137916118676	10.681101347083322	1
TCGA-B0-5099	-4.383231035225261	-1.2106237957809247	2
TCGA-B0-5100	-0.19755171691001477	-3.597968859036003	2
TCGA-B0-5102	-0.5758771344919967	-0.2014395338674008	2
TCGA-B0-5104	-1.9413704656154918	-0.8712504343604776	2
TCGA-B0-5106	-0.4810211423773585	-4.5195675879515385	2
TCGA-B0-5107	-5.750630417853447	10.515187215735521	2
TCGA-B0-5108	-0.8570583145765178	-4.51179599410772	2
TCGA-B0-5109	19.730543003508103	8.420547078663494	1
TCGA-B0-5110	-3.2779027424727425	-5.79128597427576	2
TCGA-B0-5113	1.3567408840582187	-5.263248096427341	2
TCGA-B0-5115	-1.2524779310768823	-3.9007884565598463	2
TCGA-B0-5116	-1.8218185706935475	-1.0199880710107745	2
TCGA-B0-5117	2.7172802360823223	4.5384743530081275	1
TCGA-B0-5119	0.7945932315463785	-1.4616202547693524	2
TCGA-B0-5120	4.383570392779125	-5.670543410720089	2
TCGA-B0-5121	0.2640358544802847	2.0319111358522592	2
TCGA-B0-5399	-6.488360306821094	2.959233498488974	2
TCGA-B0-5400	12.800308860017033	7.853518417669639	1
TCGA-B0-5402	-4.891810912483166	-2.028233781918964	2
TCGA-B0-5690	-2.5107861472181447	0.00791722891927728	2
TCGA-B0-5691	-0.12676306749863467	-0.41106199287427864	2
TCGA-B0-5692	-9.29478834472511	1.0299988709328787	2
TCGA-B0-5693	-2.626611995697335	-3.2159225628901846	2
TCGA-B0-5694	-4.550371007597016	1.4244378243783897	2
TCGA-B0-5695	-3.74059802469377	-1.234581077268306	2
TCGA-B0-5696	-0.14954289939169493	5.133713331200134	2
TCGA-B0-5697	-5.177002715721969	-0.3988813788703144	2
TCGA-B0-5698	-7.260612128544961	0.8107947856755795	2
TCGA-B0-5699	-5.734789428185467	2.034246829474888	2
TCGA-B0-5700	1.814352697933999	1.3646761071903921	2
TCGA-B0-5701	-7.723164065363915	5.571937228990468	2
TCGA-B0-5702	2.162337395321011	-5.095057422706962	2
TCGA-B0-5703	2.978401888506162	3.5119483598371986	1
TCGA-B0-5705	-3.971123343945221	2.863766668739007	2
TCGA-B0-5706	9.702739555422328	-2.8166356554472816	1
TCGA-B0-5707	-0.7057861516303847	3.153618849648472	2
TCGA-B0-5709	-1.528583455718633	6.613332554312891	2
TCGA-B0-5710	-2.5203092660757593	-2.9383640999545966	2
TCGA-B0-5711	-2.070297989430748	-1.9876432186767643	2
TCGA-B0-5712	-1.4491259984095026	-4.794092949230633	2
TCGA-B0-5713	-5.508097004927512	0.04908589149381875	2
TCGA-B0-5812	-9.791822946465356	3.2832760424812832	2
TCGA-B2-3923	3.769009843564151	2.0254573926659285	1
TCGA-B2-3924	6.277405533753157	-1.468406517500023	1
TCGA-B2-4098	5.836253151073883	-0.11135782044458056	1
TCGA-B2-4099	-0.1508180521154722	-0.3336660511689583	2
TCGA-B2-4101	-2.6391879554144664	-1.2963913433125391	2
TCGA-B2-4102	-1.3056534994722078	-1.5929959588108342	2
TCGA-B2-5633	-2.2067655794153285	-3.0341675340234686	2
TCGA-B2-5635	-5.840084369553237	-0.6200736379275632	2
TCGA-B2-5636	0.8180193002703633	-7.185482552420041	2
TCGA-B2-5639	-8.438406017944612	-0.9511297824244969	2
TCGA-B2-5641	-0.7206224212256671	1.5102051371332672	2
TCGA-B2-A4SR	9.014325034592243	-5.5325424379305375	1
TCGA-B4-5377	-3.019888425820182	-1.6556361919200808	2
TCGA-B4-5378	-2.8069707667743264	-5.263105470009655	2
TCGA-B4-5832	-3.0380278341730023	3.1520926959293982	2
TCGA-B4-5834	-1.3941033961496063	-6.328616042193764	2
TCGA-B4-5835	-4.60063526769606	3.3007220190082345	2
TCGA-B4-5836	0.5320836662392149	-0.18223708090705926	2
TCGA-B4-5838	-2.0647964845784412	2.1169658580030943	2
TCGA-B4-5843	-7.944833014160949	-1.8264549058406796	2
TCGA-B4-5844	-2.785923692890732	-3.682493753460273	2
TCGA-B8-4143	-5.188558808363626	0.8630009780850352	2
TCGA-B8-4146	1.8703838582041805	-1.113318436698267	2
TCGA-B8-4153	-4.454391852120325	0.65813544558431325	2
TCGA-B8-4620	15.524443965153216	3.9600403103364927	1
TCGA-B8-4621	15.713392853791593	5.059059260384527	1
TCGA-B8-4622	-2.3002807526520046	5.7530604471531275	2
TCGA-B8-5158	-2.2500673055942304	2.1901414034494646	2
TCGA-B8-5159	-4.608988570862211	-3.222547964266612	2
TCGA-B8-5162	2.2883179872200103	-2.979339890301738	2
TCGA-B8-5163	-0.7076988490942123	-1.1419742905454184	2
TCGA-B8-5164	-1.8705190717806293	0.200254074819501	2
TCGA-B8-5165	0.13698735299962872	-4.624074474851631	2
TCGA-B8-5545	1.710166038118431	-7.193133455065987	2
TCGA-B8-5546	-5.3817249789884505	4.786437533054895	2
TCGA-B8-5549	0.8402211369632937	-2.8283648433538393	2
TCGA-B8-5550	-3.758565797881549	-0.7911122056049676	2
TCGA-B8-5551	1.5105631369873316	1.2581133345296516	2
TCGA-B8-5552	-1.7137639865418897	-6.51323839671797	2
TCGA-B8-5553	-2.2992625751840685	-1.4280253771556246	2
TCGA-B8-A54D	5.479969771999918	-2.740367740289951	1
TCGA-B8-A54E	10.084313856018817	11.143532294838138	1
TCGA-B8-A54F	-0.11999607332117604	3.563960333774887	2
TCGA-B8-A54G	-6.582778947128667	7.938998761047756	2
TCGA-B8-A54H	-1.0738217677576234	3.8412757004065106	2
TCGA-B8-A54I	50.927909700155396	-3.0484006312540157	1
TCGA-B8-A54J	-3.9725534553074655	-2.061770359765703	2
TCGA-B8-A54K	2.5338680268334306	0.7670434507391698	2
TCGA-B8-A7U6	3.614637309273948	1.3333586378834814	1
TCGA-B8-A8YJ	34.52085025143703	-4.633978998285616	1
TCGA-BP-4158	-3.1005106201302657	-0.7352296339025778	2
TCGA-BP-4161	-2.5149216260320966	0.7109153138140035	2
TCGA-BP-4164	-7.271856379452305	1.80304215517506	2
TCGA-BP-4165	7.552926420653708	1.1241206129151637	1
TCGA-BP-4169	6.2393315984051645	-6.846253507728961	1
TCGA-BP-4170	1.4139329824024092	-2.7748878070026595	2
TCGA-BP-4173	-4.958937545366675	3.385396940464395	2
TCGA-BP-4174	5.467824763827485	-0.27030872232707176	1
TCGA-BP-4325	-5.271659003720544	2.5778507857802424	2
TCGA-BP-4326	-1.3061439754463486	0.07995673244431314	2
TCGA-BP-4327	-0.1241858511684667	-2.0423512308048726	2
TCGA-BP-4329	-3.0698103362820333	0.5808687633407662	2
TCGA-BP-4330	-1.666402329542795	-2.0608060457658786	2
TCGA-BP-4331	-2.113515584049478	-2.582586983056966	2
TCGA-BP-4332	8.052332543390248	-4.149825768377235	1
TCGA-BP-4334	12.69203236841799	4.537031411225194	1
TCGA-BP-4335	-1.1094605399044977	-1.3628867525433197	2
TCGA-BP-4337	4.067214802477981	0.1716764993029808	1
TCGA-BP-4338	2.911341830964311	7.012611650318555	1
TCGA-BP-4341	8.265854517365705	1.07021909346272	1
TCGA-BP-4342	-2.1909097572908514	-1.0874954102723533	2
TCGA-BP-4343	-4.055634792840324	2.0737666591021875	2
TCGA-BP-4344	1.8012642975529092	-5.294816780524002	2
TCGA-BP-4345	0.7631691639912902	-1.879771388001221	2
TCGA-BP-4346	-4.249617394077274	1.1828755812009157	2
TCGA-BP-4347	-2.5381485266163133	-0.7114583743910494	2
TCGA-BP-4349	3.261059055965382	-5.753321948591342	2
TCGA-BP-4351	-2.9397645412986244	-1.2363473736754103	2
TCGA-BP-4352	1.61945652777206	8.931815618785114	1
TCGA-BP-4353	2.7140390406732684	-3.043414910065674	2
TCGA-BP-4354	7.589904782829672	6.786745576096583	1
TCGA-BP-4355	3.164830823073904	-4.400060717906899	2
TCGA-BP-4756	1.0236698406932074	7.2110962743607265	2
TCGA-BP-4758	-0.5489438431374019	-0.2757377361375089	2
TCGA-BP-4759	-2.459847354267891	-0.3783115826141057	2
TCGA-BP-4760	-3.956569363061698	-5.850173424978459	2
TCGA-BP-4761	7.403504841006902	8.422976535316598	1
TCGA-BP-4762	1.5523132232355215	-6.789083760676517	2
TCGA-BP-4763	-0.24802699288330504	-1.8232653537463663	2
TCGA-BP-4765	3.0437940939638217	-5.3632407489662945	2
TCGA-BP-4766	2.052911611355153	-1.149838027044041	2
TCGA-BP-4768	-7.340847252848645	-0.8250103915853766	2
TCGA-BP-4769	5.206272568121234	-7.250264525683588	2
TCGA-BP-4770	1.2026875523424365	6.174842649878936	2
TCGA-BP-4771	2.6098680658469022	3.441236418780348	1
TCGA-BP-4774	-0.8711888392738634	-0.9798913744001871	2
TCGA-BP-4775	-1.5611303541957215	-5.516967868113925	2
TCGA-BP-4776	-0.4659953629186657	1.1085621746793022	2
TCGA-BP-4777	2.6182347706442792	-1.1562388901456895	2
TCGA-BP-4781	-1.8177390040668933	-3.8835449018465105	2
TCGA-BP-4784	8.827939697636504	-4.499731229184872	1
TCGA-BP-4787	3.618791718782352	2.426336412064355	1
TCGA-BP-4789	0.140362445082547	-3.2400428809159156	2
TCGA-BP-4790	-0.2122283453690714	-0.9969089122617776	2
TCGA-BP-4797	-3.786545398752048	-2.128790162924571	2
TCGA-BP-4798	2.0173812993696534	6.02956704787046	1
TCGA-BP-4799	24.180488002331952	-1.3006360281636409	1
TCGA-BP-4801	5.529627407216297	-6.4632162323465865	1
TCGA-BP-4803	-2.3625743425414485	-3.009585331737392	2
TCGA-BP-4804	0.33392206642618405	-1.5907131827264784	2
TCGA-BP-4807	2.552906763258233	-6.116850720224299	2
TCGA-BP-4959	-0.8581212367360976	-3.305293714993972	2
TCGA-BP-4960	0.6912958795190715	0.08650148345490606	2
TCGA-BP-4961	-1.4050446702143335	-4.427102419682651	2
TCGA-BP-4962	6.905410385035487	-1.0347780130576316	1
TCGA-BP-4963	-3.1354773241369114	2.2545363477680014	2
TCGA-BP-4964	5.888381005907682	-3.9498829171005476	1
TCGA-BP-4965	-1.2934313909538107	-4.08068116340029	2
TCGA-BP-4967	0.10546712063821295	0.26214589621649853	2
TCGA-BP-4968	-4.090843915712417	-0.6594112245074775	2
TCGA-BP-4969	1.1272422376759055	1.0897936165388047	2
TCGA-BP-4970	2.348966761202213	-5.608155339097037	2
TCGA-BP-4971	-0.11880141047459589	-1.6408249165020183	2
TCGA-BP-4972	6.417464970598495	-5.260907017772137	1
TCGA-BP-4973	-3.9770300764555926	-0.483544958721708	2
TCGA-BP-4974	2.690368626266974	-4.05866720670363	2
TCGA-BP-4975	-4.587308870461231	-4.135467712262398	2
TCGA-BP-4976	-4.304942155549969	-5.1137803320129676	2
TCGA-BP-4977	-4.626887849551172	1.5175565639116475	2
TCGA-BP-4981	-4.0556692388118565	3.209037512726109	2
TCGA-BP-4982	-3.6415449722284925	-4.781821696354311	2
TCGA-BP-4983	-3.0453588106308302	5.622348259499989	2
TCGA-BP-4985	-1.0262120073814338	3.53554044282388	2
TCGA-BP-4986	-2.3291624434232845	-2.1485995568358804	2
TCGA-BP-4987	-0.6439271340586146	-3.8024122507702725	2
TCGA-BP-4988	13.347286077223076	7.03573894000016	1
TCGA-BP-4989	3.9492582434264016	1.6678403924513188	1
TCGA-BP-4991	-1.9970190999262043	-0.7603974605744546	2
TCGA-BP-4992	-6.3636402522427655	4.94541237384496	2
TCGA-BP-4993	8.758594377966276	-5.000956130071696	1
TCGA-BP-4994	4.58073656410212	-0.521641364306418	1
TCGA-BP-4995	-0.5861342620773348	-2.5285339324540907	2
TCGA-BP-4998	0.31166790577717973	-4.918247219538179	2
TCGA-BP-4999	-4.5019143695565305	-7.318021930222874	2
TCGA-BP-5000	-4.837055274511173	2.711580487801731	2
TCGA-BP-5001	-0.005083483479912203	0.8619949606795967	2
TCGA-BP-5004	3.6453431117169663	3.1849988140486576	1
TCGA-BP-5006	-2.3154825423910754	-2.7033359722114434	2
TCGA-BP-5007	-0.7007519806407819	-2.6205157074859624	2
TCGA-BP-5008	2.347645435007067	-5.992987555132248	2
TCGA-BP-5009	-5.2862696401208265	-1.8364845367819	2
TCGA-BP-5010	-1.0037929959673593	-3.931662499188304	2
TCGA-BP-5168	0.05995739037503052	-2.414639637573556	2
TCGA-BP-5169	6.652170526880466	7.863246169805282	1
TCGA-BP-5170	0.32603115657465165	-0.013835862860178662	2
TCGA-BP-5173	-2.7705016805625333	-3.1941800298816645	2
TCGA-BP-5174	-4.999788806923549	-0.8237299615695377	2
TCGA-BP-5175	0.43034127243202436	4.032240166994025	2
TCGA-BP-5176	-3.12692887218877	-0.07852975032493421	2
TCGA-BP-5177	3.2799528784265886	-6.285952030499176	2
TCGA-BP-5178	1.4785489973305666	4.6950135038464715	2
TCGA-BP-5180	-5.984221770686972	-1.1654927833846909	2
TCGA-BP-5181	-4.1798030650006535	-1.954546003356606	2
TCGA-BP-5182	2.0565349462323477	-6.799919432524008	2
TCGA-BP-5183	-5.156042092243504	-1.3025111865183738	2
TCGA-BP-5184	-3.1816549402265033	-5.706574936511686	2
TCGA-BP-5185	-0.07722945692753838	1.7686657948760358	2
TCGA-BP-5186	-0.11339446837296382	-4.332490414031462	2
TCGA-BP-5187	3.7255223354225664	-0.29248984785776255	1
TCGA-BP-5189	-3.0815723688868824	-0.5992879034814688	2
TCGA-BP-5190	-3.6407013087092346	1.9171748619741709	2
TCGA-BP-5191	-3.614941823861176	-0.11837129169311647	2
TCGA-BP-5192	0.17726655988332596	-3.415940059995232	2
TCGA-BP-5194	13.090696613120404	-5.820596286790734	1
TCGA-BP-5195	-1.9317683724924655	-0.5897041372588249	2
TCGA-BP-5196	-2.331634663761717	-4.479348650310089	2
TCGA-BP-5198	5.047235492442091	-2.177825169835961	1
TCGA-BP-5199	-3.7260876493705304	-0.1687009825821697	2
TCGA-BP-5200	2.2699849148090645	-5.717108512143952	2
TCGA-BP-5201	-4.2934581235314395	1.8042175422778735	2
TCGA-BP-5202	1.0209359237585605	-4.644026437563406	2
TCGA-CJ-4634	1.6582329051498597	-2.311207808812789	2
TCGA-CJ-4635	-2.994468340678005	4.07450192493562	2
TCGA-CJ-4638	0.09493574777669411	5.8674886596598785	2
TCGA-CJ-4640	-4.09822441825515	1.8757028447970687	2
TCGA-CJ-4642	-0.2941097642063506	-4.845896836692236	2
TCGA-CJ-4868	1.9204767168089494	-1.1831024155038057	2
TCGA-CJ-4869	-4.296528638009756	3.672175922670574	2
TCGA-CJ-4870	-1.445687755612484	-1.4963871284270787	2
TCGA-CJ-4871	-2.2923615046492736	0.38776670287614234	2
TCGA-CJ-4872	-1.1832678888944774	-3.182651671260091	2
TCGA-CJ-4873	-3.957009597066363	1.6313432486123842	2
TCGA-CJ-4874	0.3770892840664117	-0.519216823510051	2
TCGA-CJ-4875	1.5710800145975563	3.9534901490172336	2
TCGA-CJ-4876	-3.650893989716659	1.524078781205663	2
TCGA-CJ-4878	-2.662191342889649	-1.0391080209555748	2
TCGA-CJ-4881	-2.0976150417807227	2.86116936045088	2
TCGA-CJ-4882	3.9405918222782432	-1.0876764315384162	1
TCGA-CJ-4884	-2.611773962064934	-0.3288962434140948	2
TCGA-CJ-4885	4.6072204217221255	-3.9887044550140045	1
TCGA-CJ-4886	3.1722080591945874	-3.7199315754734052	2
TCGA-CJ-4887	-5.11316704361355	2.115131114486896	2
TCGA-CJ-4888	0.15013383109807316	-1.6222438537196062	2
TCGA-CJ-4889	3.8405454868069344	-6.652468547154822	2
TCGA-CJ-4890	3.00777982665653	-1.0578855052986424	2
TCGA-CJ-4891	1.7022967211970301	5.5651845243866	2
TCGA-CJ-4892	2.578127874126361	-1.4050318835372781	2
TCGA-CJ-4893	-0.5327548105645966	-2.837381946335211	2
TCGA-CJ-4894	-0.7118351746723263	-5.01322005444683	2
TCGA-CJ-4895	-2.5435467744274503	0.44909985741240105	2
TCGA-CJ-4897	-3.741505238326795	0.45953844710304	2
TCGA-CJ-4899	4.110593379040774	-6.239605798829967	2
TCGA-CJ-4900	1.4476640905884988	-1.0314933658111702	2
TCGA-CJ-4901	0.8592798958651	0.2695861333122233	2
TCGA-CJ-4902	3.6689333934851396	-2.674036652172884	2
TCGA-CJ-4903	-1.2043328550571766	-2.27200586252598	2
TCGA-CJ-4904	-1.006780096724033	-1.9455793899798484	2
TCGA-CJ-4905	0.15936885470321366	-7.685281404401542	2
TCGA-CJ-4907	-3.645017776549667	-0.46302776663290623	2
TCGA-CJ-4908	0.3511135616933118	-4.535349048374544	2
TCGA-CJ-4912	-3.3146423074338816	2.835040943799035	2
TCGA-CJ-4916	-1.6403725753321499	-0.48104168373288236	2
TCGA-CJ-4918	0.6574804404349991	-5.417326420359191	2
TCGA-CJ-4920	-2.6657657064201925	-1.2044961038854511	2
TCGA-CJ-4923	-1.969378691879155	-2.1455785541329364	2
TCGA-CJ-5671	2.868105523508202	-2.6036786055973025	2
TCGA-CJ-5672	-0.8650213515200403	-0.2925105968352257	2
TCGA-CJ-5675	-3.7404993313644312	3.584169658722072	2
TCGA-CJ-5676	-4.104935802343359	-2.794737546967836	2
TCGA-CJ-5677	-8.46302282067176	4.46999533249085	2
TCGA-CJ-5678	-7.861187551214058	2.48397857665841	2
TCGA-CJ-5679	-0.8276869878784561	4.316229251691374	2
TCGA-CJ-5680	-1.2726532133490125	3.3382023783127552	2
TCGA-CJ-5681	2.909653356005728	-0.8712612490328941	2
TCGA-CJ-5682	-3.0271483090688096	-0.5555909607874029	2
TCGA-CJ-5683	-2.7778144708804247	-0.89028562663390165	2
TCGA-CJ-5684	9.332578836824982	-5.184360645472775	1
TCGA-CJ-5686	-1.1458788041407593	1.2663671021904725	2
TCGA-CJ-5689	-0.6832138655956147	-0.4785533642267179	2
TCGA-CJ-6027	-5.5084836299908915	5.276108236383752	2
TCGA-CJ-6028	1.9068369340471725	3.0891843454184924	2
TCGA-CJ-6030	-3.8136679650706586	-2.4409130195316178	2
TCGA-CJ-6031	3.7169973088102393	0.752474596121518	1
TCGA-CJ-6032	-3.2193161945922526	-2.4776971069734315	2
TCGA-CJ-6033	1.4858960180992031	-0.15959549021242195	2
TCGA-CW-5580	-7.062825779029988	2.9865425785239754	2
TCGA-CW-5581	-3.0481169189328585	0.8202831684210459	2
TCGA-CW-5583	-4.758807239736642	-5.8088142160176135	2
TCGA-CW-5584	-6.182107233881747	-0.741895454946784	2
TCGA-CW-5585	-5.705869290941397	-3.7595673345869614	2
TCGA-CW-5587	-7.779735660296662	-1.2208758599152725	2
TCGA-CW-5588	-2.717670263321864	1.0905423385503694	2
TCGA-CW-5589	-4.057443641124488	-4.662350060517173	2
TCGA-CW-5590	-2.5407558854662424	-2.93646863918586	2
TCGA-CW-5591	-6.716445125030668	1.5421709710562126	2
TCGA-CW-6087	-2.295498444409244	10.689370862403772	2
TCGA-CW-6088	-2.6691712303016324	-5.283509001537431	2
TCGA-CW-6090	-1.0412857255069468	-2.5859876410791216	2
TCGA-CW-6093	-2.5614027328420232	-1.9314955023845843	2
TCGA-CW-6097	-2.0815716015455616	-1.7130884721819848	2
TCGA-CZ-4853	-3.1999262905196297	2.740638828417814	2
TCGA-CZ-4854	-0.7028239561554763	1.8506358260304208	2
TCGA-CZ-4856	1.6694445472943826	-4.924261336694165	2
TCGA-CZ-4857	-0.9124296451323594	2.791534204982228	2
TCGA-CZ-4858	2.2676367795137615	8.711873052594258	1
TCGA-CZ-4859	-0.00974104334281917	3.396593628822219	2
TCGA-CZ-4860	3.758709653577289	2.2681745378457854	1
TCGA-CZ-4861	5.265495383572598	3.1503298639883788	1
TCGA-CZ-4862	-5.252094099584869	-1.0175663017021104	2
TCGA-CZ-4863	-2.289085464843508	0.9416298640660418	2
TCGA-CZ-4864	-4.628920860631509	-1.9507251958048266	2
TCGA-CZ-4865	2.7882975249209094	-2.5529637007097294	2
TCGA-CZ-4866	-5.228907078665182	2.771184653445071	2
TCGA-CZ-5451	-4.129920123509793	1.1766900162338076	2
TCGA-CZ-5452	-7.419282081690084	3.109480165880642	2
TCGA-CZ-5453	2.5190066010583267	-1.9920632181664188	2
TCGA-CZ-5454	-0.20271709573061839	-6.176847848597007	2
TCGA-CZ-5455	-7.159878715493019	0.8740764083905288	2
TCGA-CZ-5456	-4.763911854334722	1.4414298096226152	2
TCGA-CZ-5457	0.5643497547747924	-0.8153318247728987	2
TCGA-CZ-5458	-7.50784935607527	-4.257990626060973	2
TCGA-CZ-5459	-0.12245794104959784	-0.788953670785983	2
TCGA-CZ-5460	-3.10031863561009	4.831553264814319	2
TCGA-CZ-5461	-3.308367076375883	-2.166216842127816	2
TCGA-CZ-5462	7.672246105152099	4.599990786183085	1
TCGA-CZ-5463	-1.9429584315122554	-3.1824122002055413	2
TCGA-CZ-5464	-5.874267445451495	2.4642186053023836	2
TCGA-CZ-5465	-4.3982398519004215	-3.0749406184875547	2
TCGA-CZ-5466	-3.5450745196808646	-2.0934961037748203	2
TCGA-CZ-5467	-6.098073324968909	-1.8394409766287891	2
TCGA-CZ-5468	-6.064296606815757	7.9510186749656615	2
TCGA-CZ-5469	-4.085730569500947	1.8666330216049152	2
TCGA-CZ-5470	-4.775595864848074	1.45746544189885	2
TCGA-CZ-5982	-1.7076641089873912	-2.5128489486874193	2
TCGA-CZ-5984	-4.547959842858646	2.281537952889109	2
TCGA-CZ-5985	-11.670141399797593	2.1764360893386585	2
TCGA-CZ-5986	-4.394925016450433	-2.5217048081577165	2
TCGA-CZ-5987	-3.50410080990514	6.991158225996035	2
TCGA-CZ-5988	-0.47143174805951965	-1.924254377062456	2
TCGA-CZ-5989	-5.726426676016474	-2.8524267958177227	2
TCGA-DV-5565	-4.45826285810038	-0.7292491327509526	2
TCGA-DV-5566	-7.947944288507322	-0.059074402218428614	2
TCGA-DV-5567	-0.3274333184783508	-5.203906111607586	2
TCGA-DV-5568	-4.504220949767873	-2.53137486609363	2
TCGA-DV-5569	-0.8008079562154209	-3.6626319326937873	2
TCGA-DV-5573	-1.388293989944298	-3.0913749360718876	2
TCGA-DV-5574	5.70024561654629	-2.127331300673041	1
TCGA-DV-5575	0.17213348508843246	-0.17523893463951046	2
TCGA-DV-5576	-0.5527447848974617	-5.507783640374628	2
TCGA-DV-A4VX	-3.2627590641743396	12.79577050136891	2
TCGA-DV-A4VZ	6.330609886197871	-1.805178084591124	1
TCGA-DV-A4W0	-2.048358652317058	-0.01130597157796459	2
TCGA-EU-5904	4.129902414186023	-4.725135918115878	2
TCGA-EU-5905	1.1155530122382524	-2.60674696451035	2
TCGA-EU-5906	-0.44980113896799845	0.14778343793958193	2
TCGA-EU-5907	-4.774841730184697	-0.5270176644403213	2
TCGA-G6-A5PC	1.7090596677752932	7.789465881221856	1
TCGA-G6-A8L6	-2.062875388967982	3.461731265773432	2
TCGA-G6-A8L7	-0.6647571649936932	15.448535016270826	1
TCGA-G6-A8L8	-1.224564410189793	1.325438283980566	2
TCGA-GK-A6C7	17.982876274161345	-5.263837285265392	1
TCGA-MM-A563	0.5867591268598843	3.2732831725420404	2
TCGA-MM-A564	-0.5616425421804626	4.4646220647696	2
TCGA-MW-A4EC	-3.7663731438809753	0.7851953932931385	2
